Domain,Status,Attractiveness,Demand,Length,Sectors,Created,Expires,Registrar
brief.lat,available,124,19%,5,"Business,Education,General,Law",,,
second.lat,available,120,23%,6,"General,Mathematics",,,
wizard.lat,resell,118,42%,6,"Entertainment,Media,Technology",03/10/2024 09:23,03/10/2025 23:59,"Spaceship, Inc."
f.lat,available,116,24%,4,"Construction,Real Estate",,,
tenth.lat,available,116,7%,5,Mathematics,,,
hotshot.lat,available,112,14%,7,"Business,Entertainment,Sports",,,
acute.lat,available,112,9%,5,"Mathematics,Medicine,Science",,,
abstract.lat,available,108,29%,8,"Arts,Humanities,Science",,,
active.lat,available,104,27%,6,"Health and Fitness,Sports,Travel",,,
teen.lat,expiring,104,14%,4,"Education,Entertainment,Healthcare",23/08/2024 22:58,23/08/2025 23:59,"Porkbun, LLC"
captive.lat,available,102,14%,7,"Entertainment,Hospitality,Technology",,,
eight.lat,available,102,23%,5,"General,Mathematics",,,
absent.lat,available,102,8%,6,"Business,Education,Technology",,,
extra.lat,available,102,26%,5,"Fashion,Retail,Technology",,,
whiz.lat,available,100,12%,4,"Business,Education,Technology",,,
crack.lat,available,100,20%,5,Sports,,,
ninth.lat,available,100,9%,5,Mathematics,,,
third.lat,available,100,16%,5,Mathematics,,,
sixth.lat,available,100,8%,5,Mathematics,,,
abrupt.lat,available,100,3%,6,"Medicine,Science",,,
eighth.lat,available,100,6%,6,Mathematics,,,
adjunct.lat,available,100,5%,7,Education,,,
doable.lat,available,96,9%,6,"Business,Education,Technology",,,
alamode.lat,available,96,12%,9,Fashion,,,
actual.lat,available,96,22%,6,"Real Estate,Retail,Technology",,,
abject.lat,available,94,7%,6,Humanities,,,
virtuoso.lat,available,94,16%,8,"Arts,Entertainment",,,
about.lat,available,94,28%,5,"Business,General,Media,Technology",,,
adequate.lat,available,94,9%,8,"Education,Healthcare,Technology",,,
derelict.lat,available,92,7%,8,"Construction,Real Estate",,,
next.lat,expired,92,43%,4,"Retail,Technology,Transportation",16/07/2024 14:10,16/07/2025 23:59,"NameSilo, LLC"
abroad.lat,available,92,12%,6,"Hospitality,Travel",,,
exemplary.lat,available,92,5%,9,"Business,Education,Healthcare",,,
neutral.lat,available,92,20%,7,"Business,Media,Politics",,,
adept.lat,available,92,24%,5,"Education,Health and Fitness,Sports",,,
adjective.lat,available,92,5%,9,Education,,,
twentieth.lat,available,92,3%,9,Mathematics,,,
nought.lat,available,92,4%,6,Mathematics,,,
leash.lat,available,90,7%,5,"General,Health and Fitness,Retail",,,
clear.lat,expiring,90,47%,5,"Manufacturing,Retail,Technology",14/09/2024 13:29,14/09/2025 23:59,"Porkbun, LLC"
endearing.lat,available,90,1%,9,"Entertainment,Fashion,Retail",,,
abortive.lat,available,90,1%,8,"Medicine,Science",,,
gripping.lat,available,90,3%,8,"Entertainment,Media,Technology",,,
riveting.lat,available,90,6%,8,"Entertainment,Media,Technology",,,
additional.lat,available,90,8%,10,"Fashion,Retail,Technology",,,
addictive.lat,available,90,9%,9,Healthcare,,,
adoring.lat,available,90,2%,7,"Entertainment,Fashion,Retail",,,
wide.lat,resell,88,18%,4,"Business,Media,Technology",09/07/2024 04:32,09/07/2026 23:59,Namecheap
three.lat,available,88,24%,5,Mathematics,,,
sixteen.lat,available,88,11%,7,Mathematics,,,
proficient.lat,available,88,8%,10,"Education,Health and Fitness,Sports",,,
ten.lat,resell,88,28%,3,"General,Mathematics",12/12/2024 15:51,12/12/2025 23:59,Dynadot LLC
twelve.lat,available,88,18%,6,"General,Mathematics",,,
adlib.lat,available,88,7%,6,Entertainment,,,
fifteen.lat,available,88,13%,7,Mathematics,,,
hundred.lat,expiring,88,14%,7,Mathematics,21/08/2024 22:17,21/08/2025 23:59,Namecheap
activist.lat,available,88,12%,8,"Humanities,Politics",,,
eleven.lat,available,88,33%,6,Mathematics,,,
aboriginal.lat,available,86,10%,10,Humanities,,,
recondite.lat,available,86,4%,9,"Arts,Humanities,Science",,,
attendant.lat,available,86,5%,9,"Healthcare,Hospitality,Transportation",,,
extempore.lat,available,86,3%,9,Entertainment,,,
xiv.lat,available,86,12%,3,Mathematics,,,
intent.lat,available,86,25%,6,"Business,Education,Technology",,,
adolescent.lat,available,86,3%,10,"Education,Entertainment,Healthcare",,,
engrossing.lat,available,86,0%,10,"Entertainment,Media,Technology",,,
twentyone.lat,available,84,13%,10,Mathematics,,,
grand.lat,available,84,25%,5,"Finance,General",,,
adjustable.lat,available,84,3%,10,"Manufacturing,Retail,Technology",,,
sharp.lat,resell,84,34%,5,"Arts,Fashion",08/07/2025 18:43,08/07/2026 23:59,Dynadot LLC
nineteen.lat,available,84,8%,8,Mathematics,,,
seventeen.lat,available,84,7%,9,Mathematics,,,
fourteen.lat,available,84,8%,8,Mathematics,,,
deviate.lat,available,84,12%,7,"Medicine,Science",,,
thirteen.lat,available,84,10%,8,Mathematics,,,
accessory.lat,available,84,8%,9,"Fashion,Retail,Technology",,,
twentytwo.lat,available,84,11%,10,Mathematics,,,
enduring.lat,available,82,9%,8,"Health and Fitness,Religion",,,
cleansing.lat,available,82,3%,9,Health and Fitness,,,
decade.lat,available,82,10%,6,Mathematics,,,
altered.lat,available,82,9%,7,"Medicine,Science",,,
impromptu.lat,available,82,16%,9,Entertainment,,,
fivesome.lat,available,82,1%,8,Sports,,,
dozen.lat,available,82,10%,5,Mathematics,,,
abroach.lat,available,82,1%,7,Food and Beverage,,,
abdominal.lat,available,82,1%,9,"Health and Fitness,Medicine",,,
abenaki.lat,available,82,2%,7,Geography,,,
absorbent.lat,available,82,3%,9,"Healthcare,Manufacturing,Retail",,,
abkhaz.lat,available,82,1%,6,Geography,,,
abundant.lat,available,80,19%,8,"Agriculture,Manufacturing,Retail",,,
twenty.lat,available,80,12%,6,Mathematics,,,
absorbable.lat,available,80,0%,10,"Healthcare,Pharmaceuticals,Science",,,
capable.lat,available,80,12%,7,"Business,Education,Technology",,,
two.lat,available,80,24%,3,Mathematics,,,
dorsal.lat,available,80,6%,6,"Medicine,Science",,,
worshipful.lat,available,80,1%,10,"Education,Healthcare,Religion",,,
absurd.lat,available,80,16%,6,"Arts,Entertainment,Media",,,
able.lat,available,80,29%,4,"Business,Education,General,Technology",,,
forty.lat,available,80,9%,5,Mathematics,,,
first.lat,available,80,36%,5,"General,Mathematics",,,
absolute.lat,available,80,25%,8,"Engineering,Mathematics,Science",,,
yard.lat,available,80,26%,4,"Construction,General",,,
trio.lat,available,80,21%,4,Entertainment,,,
adoptable.lat,available,80,3%,9,"Education,Healthcare",,,
sequent.lat,available,80,7%,7,"Healthcare,Insurance,Transportation",,,
wiz.lat,resell,80,30%,3,"Business,Education,Technology",12/08/2024 17:40,12/08/2026 23:59,Namecheap
absorptive.lat,available,78,1%,10,"Healthcare,Manufacturing,Retail",,,
accurate.lat,available,78,16%,8,"Engineering,Mathematics,Science",,,
sixtynine.lat,available,78,8%,10,Mathematics,,,
twentysix.lat,available,78,8%,10,Mathematics,,,
acceptant.lat,available,78,1%,9,"Education,Healthcare",,,
accessible.lat,available,78,21%,10,"Healthcare,Retail,Technology",,,
recognised.lat,available,78,3%,10,"Business,Education,Technology",,,
accepted.lat,available,78,6%,8,"Business,Education,Technology",,,
adrenal.lat,available,78,4%,7,"Education,Healthcare,Science",,,
accidental.lat,available,78,11%,10,"Healthcare,Insurance,Transportation",,,
adjacent.lat,available,78,9%,8,"Construction,Real Estate,Retail",,,
recognized.lat,available,78,3%,10,"Business,Education,Technology",,,
abkhazian.lat,available,78,1%,9,Geography,,,
abkhasian.lat,available,78,1%,9,Geography,,,
honestly.lat,available,78,9%,8,"Business,Law",,,
dormant.lat,available,78,4%,7,"Medicine,Science",,,
acceptable.lat,available,78,5%,10,"Business,Hospitality,Retail",,,
abounding.lat,available,78,2%,9,Agriculture,,,
athletic.lat,available,78,15%,8,"Health and Fitness,Sports",,,
adorable.lat,available,78,8%,8,"Entertainment,Fashion,Retail",,,
auxiliary.lat,available,76,7%,9,"Healthcare,Manufacturing,Technology",,,
adherent.lat,available,76,4%,8,"Politics,Religion",,,
ancillary.lat,available,76,6%,9,"Healthcare,Manufacturing,Technology",,,
eighteen.lat,available,76,7%,8,Mathematics,,,
acoustic.lat,available,76,14%,8,Science,,,
incidental.lat,available,76,4%,10,"Healthcare,Insurance,Transportation",,,
fourteenth.lat,available,76,1%,10,Mathematics,,,
ventral.lat,available,76,3%,7,Science,,,
obscene.lat,available,76,5%,7,"Entertainment,Media",,,
diamond.lat,available,76,32%,7,Fashion,,,
energizing.lat,available,76,3%,10,"Food and Beverage,Health and Fitness,Travel",,,
nineteenth.lat,available,76,3%,10,Mathematics,,,
firstrate.lat,available,76,6%,10,Business,,,
improvise.lat,available,76,4%,9,Entertainment,,,
ague.lat,available,76,2%,4,"Geography,Medicine,Science",,,
thousandth.lat,available,76,1%,10,Mathematics,,,
adipose.lat,available,76,2%,7,"Healthcare,Science",,,
addable.lat,available,76,2%,7,"Engineering,Mathematics,Science",,,
hundredth.lat,available,76,1%,9,Mathematics,,,
threed.lat,available,76,7%,7,Technology,,,
resultant.lat,available,76,2%,9,"Healthcare,Insurance,Transportation",,,
adhesive.lat,available,76,7%,8,"Construction,Manufacturing,Technology",,,
adaptable.lat,available,76,9%,9,"Business,Education,Technology",,,
fifteenth.lat,available,76,2%,9,Mathematics,,,
thirteenth.lat,available,76,4%,10,Mathematics,,,
accepting.lat,available,74,3%,9,"Education,Healthcare",,,
adenoid.lat,available,74,1%,7,"Health and Fitness,Medicine,Science",,,
abnormal.lat,available,74,16%,8,"Medicine,Science",,,
adamant.lat,available,74,14%,7,Religion,,,
cleared.lat,available,74,7%,7,"Healthcare,Law,Transportation",,,
manageable.lat,available,74,4%,10,"Business,Education,Technology",,,
acuate.lat,available,74,2%,6,"Engineering,Medicine,Science",,,
mavin.lat,available,74,7%,5,"Entertainment,Fashion,Technology",,,
admirable.lat,available,74,5%,9,"Business,Education,Healthcare",,,
adapted.lat,available,74,6%,7,"Healthcare,Manufacturing,Technology",,,
adrenergic.lat,available,74,1%,10,"Education,Healthcare,Science",,,
realizable.lat,available,74,1%,10,"Business,Education,Technology",,,
sensation.lat,available,74,7%,9,"Entertainment,Media,Sports",,,
aberrant.lat,available,74,6%,8,"Medicine,Science",,,
supra.lat,available,74,25%,5,"Medicine,Science",,,
playing.lat,available,74,12%,7,Entertainment,,,
activated.lat,available,74,9%,9,"Healthcare,Manufacturing,Technology",,,
single.lat,available,74,19%,6,Sports,,,
achievable.lat,available,74,4%,10,"Business,Education,Technology",,,
sixtieth.lat,available,72,1%,8,Mathematics,,,
champion.lat,available,72,28%,8,"Entertainment,Health and Fitness,Sports",,,
eightieth.lat,available,72,1%,9,Mathematics,,,
addicted.lat,available,72,9%,8,Healthcare,,,
ninetieth.lat,available,72,1%,9,Mathematics,,,
improvize.lat,available,72,1%,9,Entertainment,,,
adjectival.lat,available,72,1%,10,Education,,,
accustomed.lat,available,72,1%,10,"Business,Education,Humanities",,,
liv.lat,available,72,27%,3,Mathematics,,,
adjunctive.lat,available,72,1%,10,"Healthcare,Manufacturing,Technology",,,
accusative.lat,available,72,0%,10,"Humanities,Law",,,
existent.lat,available,72,3%,8,"Mathematics,Science",,,
trey.lat,expiring,72,14%,4,Sports,26/08/2024 17:49,26/08/2025 23:59,Namecheap
absorbed.lat,available,72,2%,8,"Entertainment,Media,Technology",,,
absolutist.lat,available,72,1%,10,"Humanities,Law,Politics",,,
aching.lat,available,72,4%,6,Healthcare,,,
adaptative.lat,available,72,1%,10,"Business,Education,Technology",,,
adonic.lat,available,72,2%,6,"Arts,Education,Entertainment",,,
abreast.lat,available,72,2%,7,"Business,Technology",,,
engrossed.lat,available,72,1%,9,"Entertainment,Media,Technology",,,
seventieth.lat,available,72,1%,10,Mathematics,,,
abloom.lat,available,72,5%,6,Agriculture,,,
deep.lat,resell,72,41%,4,"Engineering,Mathematics,Science",11/10/2024 02:31,11/10/2025 23:59,"Go Daddy, LLC"
adiabatic.lat,available,72,3%,9,"Engineering,Science",,,
ablaze.lat,available,72,6%,6,Entertainment,,,
acuminate.lat,available,70,1%,9,"Engineering,Medicine,Science",,,
abulic.lat,available,70,1%,6,Medicine,,,
offhand.lat,available,70,2%,7,Entertainment,,,
adjusted.lat,available,70,5%,8,"Manufacturing,Retail,Technology",,,
stillborn.lat,available,70,2%,9,"Medicine,Science",,,
lowdown.lat,available,70,6%,8,"Entertainment,Media",,,
absorbing.lat,available,70,3%,9,"Entertainment,Media,Technology",,,
skillful.lat,available,70,9%,8,"Education,Health and Fitness,Sports",,,
recumbent.lat,available,70,2%,9,"Healthcare,Medicine,Science",,,
adored.lat,available,70,6%,6,"Entertainment,Fashion,Retail",,,
miserable.lat,available,70,4%,9,Humanities,,,
consequent.lat,available,70,3%,10,"Business,Education,General,Technology",,,
gymnastic.lat,available,70,3%,9,"Entertainment,Sports",,,
adamantine.lat,available,70,4%,10,Religion,,,
tiptop.lat,available,70,24%,6,Fashion,,,
accumbent.lat,available,70,1%,9,"Healthcare,Medicine,Science",,,
abradant.lat,available,70,1%,8,"Construction,Manufacturing",,,
admired.lat,available,70,5%,7,"Business,Education,Healthcare",,,
practiced.lat,available,70,3%,9,"Education,Health and Fitness,Sports",,,
septenary.lat,available,68,1%,9,Mathematics,,,
stygian.lat,available,68,5%,7,Humanities,,,
fortieth.lat,available,68,0%,8,Mathematics,,,
fiftieth.lat,available,68,0%,8,Mathematics,,,
foursome.lat,available,68,4%,8,Sports,,,
octonary.lat,available,68,1%,8,Mathematics,,,
ennead.lat,available,68,5%,6,Mathematics,,,
disciple.lat,available,68,14%,8,"Education,Religion",,,
achaian.lat,available,68,2%,7,Humanities,,,
abducent.lat,available,68,0%,8,Medicine,,,
licenced.lat,available,68,2%,8,"Business,Healthcare,Insurance",,,
aroused.lat,available,68,3%,7,"Entertainment,Health and Fitness",,,
threesome.lat,available,68,5%,9,Entertainment,,,
aberdonian.lat,available,68,1%,10,Geography,,,
aculeate.lat,available,68,1%,8,"Engineering,Medicine,Science",,,
abnaki.lat,available,68,1%,6,Geography,,,
accredited.lat,available,68,9%,10,"Business,Education,Healthcare",,,
achaean.lat,available,68,2%,7,Humanities,,,
scurvy.lat,available,68,3%,6,Humanities,,,
acerate.lat,available,68,1%,7,Science,,,
sevener.lat,available,68,1%,7,Mathematics,,,
overseas.lat,available,68,12%,8,"Hospitality,Travel",,,
licensed.lat,available,68,5%,8,"Business,Healthcare,Insurance",,,
abkhas.lat,available,68,0%,6,Geography,,,
thirtieth.lat,available,68,1%,9,Mathematics,,,
decorated.lat,available,68,3%,9,"Entertainment,Fashion,Retail",,,
ablative.lat,available,68,3%,8,Science,,,
vindicated.lat,available,68,2%,10,"Humanities,Law,Politics",,,
performing.lat,available,66,6%,10,Entertainment,,,
exonerated.lat,available,66,2%,10,"Humanities,Law,Politics",,,
adopted.lat,available,66,4%,7,"Education,Healthcare",,,
xxii.lat,available,66,6%,4,Mathematics,,,
acervate.lat,available,66,1%,8,Science,,,
teenager.lat,available,66,4%,8,"Education,Entertainment,Healthcare",,,
xvi.lat,available,66,5%,3,Mathematics,,,
adorned.lat,available,66,5%,7,"Entertainment,Fashion,Retail",,,
buzzing.lat,available,66,7%,7,"Entertainment,Media,Technology",,,
fifty.lat,available,66,12%,5,Mathematics,,,
thirty.lat,available,66,8%,6,Mathematics,,,
clv.lat,available,66,10%,3,Mathematics,,,
sextet.lat,available,66,1%,6,Entertainment,,,
accessary.lat,available,66,1%,9,"Business,Law,Technology",,,
four.lat,expiring,66,27%,4,Mathematics,22/08/2024 04:31,22/08/2025 23:59,"Porkbun, LLC"
six.lat,available,66,26%,3,Mathematics,,,
xxi.lat,available,66,10%,3,Mathematics,,,
xxvi.lat,available,66,3%,4,Mathematics,,,
modish.lat,available,66,5%,6,Fashion,,,
century.lat,available,66,17%,7,Education,,,
ninety.lat,available,66,11%,6,Mathematics,,,
latest.lat,available,66,18%,6,Technology,,,
acappella.lat,available,66,6%,10,Entertainment,,,
xxv.lat,available,66,6%,3,Mathematics,,,
onec.lat,available,66,6%,5,Mathematics,,,
tenner.lat,available,66,5%,6,Finance,,,
xviii.lat,available,66,5%,5,Mathematics,,,
according.lat,available,66,3%,9,"Business,Education,Technology",,,
abstinent.lat,available,66,1%,9,"Health and Fitness,Religion",,,
xvii.lat,available,66,5%,4,Mathematics,,,
maven.lat,available,66,30%,5,"Entertainment,Fashion,Technology",,,
eighty.lat,available,66,6%,6,Mathematics,,,
xiii.lat,available,66,9%,4,Mathematics,,,
acrobatic.lat,available,66,4%,9,"Entertainment,Sports",,,
adagio.lat,available,64,14%,6,Entertainment,,,
nondrinker.lat,available,64,1%,10,"Health and Fitness,Religion",,,
aflame.lat,available,64,3%,6,Entertainment,,,
ccc.lat,expiring,64,38%,3,Mathematics,27/08/2024 06:28,27/08/2025 23:59,"Spaceship, Inc."
astringent.lat,available,64,1%,10,"Healthcare,Pharmaceuticals",,,
deviant.lat,available,64,12%,7,"Medicine,Science",,,
rising.lat,available,64,18%,6,"Construction,Manufacturing,Real Estate",,,
acentric.lat,available,64,2%,8,Science,,,
scatty.lat,available,64,1%,6,"Arts,Entertainment,Media",,,
accordant.lat,available,64,3%,9,"Arts,Entertainment",,,
absolved.lat,available,64,1%,8,"Humanities,Law,Religion",,,
admissible.lat,available,62,1%,10,"Education,Healthcare,Law",,,
adoptive.lat,available,62,1%,8,"Education,Healthcare",,,
chiliad.lat,available,62,2%,7,Mathematics,,,
quartet.lat,available,62,7%,7,"Arts,Entertainment",,,
fortyfour.lat,available,62,6%,10,Mathematics,,,
twodozen.lat,available,62,1%,9,Mathematics,,,
accusing.lat,available,62,1%,8,Law,,,
acidic.lat,available,62,5%,6,"Food and Beverage,Science",,,
sixteenth.lat,available,62,1%,9,Mathematics,,,
adjuvant.lat,available,62,5%,8,"Healthcare,Manufacturing,Technology",,,
orso.lat,available,62,9%,5,"Business,Media,Technology",,,
aborigine.lat,available,62,1%,9,Humanities,,,
roughly.lat,available,62,3%,7,"Business,Media,Technology",,,
wrapped.lat,available,62,13%,7,"Fashion,Hospitality,Retail",,,
abo.lat,available,62,15%,3,Science,,,
troika.lat,available,62,8%,6,Politics,,,
cumulative.lat,available,62,2%,10,"Banking,Finance,Insurance",,,
eighteenth.lat,available,62,1%,10,Mathematics,,,
accrued.lat,available,62,2%,7,"Banking,Finance,Insurance",,,
ensuant.lat,available,62,1%,7,"Healthcare,Insurance,Transportation",,,
activistic.lat,available,62,1%,10,"Humanities,Politics",,,
activation.lat,available,62,16%,10,"Healthcare,Manufacturing,Technology",,,
eleventh.lat,available,62,5%,8,Mathematics,,,
longdozen.lat,available,62,2%,10,Mathematics,,,
playacting.lat,available,62,1%,10,Entertainment,,,
pungent.lat,available,62,1%,7,Food and Beverage,,,
aufait.lat,available,62,3%,7,"Fashion,Media",,,
nail.lat,available,62,16%,4,"Construction,Fashion,General,Retail",,,
exculpated.lat,available,62,1%,10,"Humanities,Law,Politics",,,
clxxx.lat,available,60,1%,5,Mathematics,,,
clxv.lat,available,60,1%,4,Mathematics,,,
thou.lat,available,60,7%,4,Mathematics,,,
cautionary.lat,available,60,1%,10,"Business,Education,Healthcare",,,
octet.lat,available,60,12%,5,Arts,,,
sixty.lat,available,60,13%,5,Mathematics,,,
tertiary.lat,available,60,4%,8,Education,,,
xcl.lat,available,60,5%,3,Mathematics,,,
cxv.lat,available,60,4%,3,Mathematics,,,
abstemious.lat,available,60,0%,10,"Food and Beverage,Health and Fitness,Hospitality",,,
clxxv.lat,available,60,1%,5,Mathematics,,,
cxl.lat,available,60,7%,3,Mathematics,,,
aboveboard.lat,available,60,5%,10,"Business,Law",,,
idolized.lat,available,60,3%,8,"Entertainment,Fashion,Retail",,,
cxlv.lat,available,60,2%,4,Mathematics,,,
eightysix.lat,available,60,7%,10,Mathematics,,,
adnexal.lat,available,60,1%,7,"Agriculture,Manufacturing,Retail",,,
cxxx.lat,available,60,4%,4,Mathematics,,,
adnate.lat,available,60,1%,6,"Agriculture,Manufacturing,Retail",,,
annexal.lat,available,60,1%,7,"Agriculture,Manufacturing,Retail",,,
clx.lat,available,60,10%,3,Mathematics,,,
cxxxv.lat,available,60,2%,5,Mathematics,,,
cxxv.lat,available,60,1%,4,Mathematics,,,
clxx.lat,available,60,3%,4,Mathematics,,,
cxx.lat,available,60,10%,3,Mathematics,,,
idolised.lat,available,60,1%,8,"Entertainment,Fashion,Retail",,,
abstainer.lat,available,60,0%,9,"Health and Fitness,Religion",,,
abashed.lat,available,60,1%,7,Humanities,,,
acceptive.lat,available,60,1%,9,"Education,Healthcare",,,
paunchy.lat,available,60,0%,7,"Health and Fitness,Medicine",,,
tercet.lat,available,59,2%,6,"Arts,Entertainment,Media",,,
enwrapped.lat,available,58,0%,9,"Entertainment,Fashion,Media",,,
adjustive.lat,available,58,1%,9,"Manufacturing,Retail,Technology",,,
aucourant.lat,available,58,3%,10,"Fashion,Media",,,
pentad.lat,available,58,2%,6,Mathematics,,,
addressed.lat,available,58,3%,9,"Business,Technology,Telecommunications",,,
acyclic.lat,available,58,4%,7,"Engineering,Mathematics,Science",,,
linear.lat,available,58,22%,6,"Engineering,Mathematics,Science",,,
octad.lat,available,58,5%,5,Mathematics,,,
actuarial.lat,available,58,8%,9,"Finance,Insurance,Mathematics",,,
justabout.lat,available,58,3%,10,"Business,Media,Technology",,,
sixer.lat,available,58,5%,5,Sports,,,
sextuplet.lat,available,58,1%,9,Healthcare,,,
fifth.lat,available,58,12%,5,Mathematics,,,
addible.lat,available,58,2%,7,"Engineering,Mathematics,Science",,,
twelfth.lat,available,58,2%,7,Mathematics,,,
fourscore.lat,available,58,4%,9,Mathematics,,,
seventy.lat,available,58,7%,7,Mathematics,,,
acetic.lat,available,58,1%,6,"Food and Beverage,Science",,,
tetrad.lat,available,58,5%,6,Mathematics,,,
heptad.lat,available,58,1%,6,Mathematics,,,
hexad.lat,available,58,4%,5,Mathematics,,,
lxxx.lat,available,58,2%,4,Mathematics,,,
lxxviii.lat,available,58,1%,7,Mathematics,,,
offhanded.lat,available,58,1%,9,Entertainment,,,
closeto.lat,available,58,3%,8,"Business,Media,Technology",,,
accoutred.lat,available,58,1%,9,"Fashion,Manufacturing,Retail",,,
abandoned.lat,available,58,10%,9,"Construction,Real Estate",,,
sixtyone.lat,available,58,3%,9,Mathematics,,,
accented.lat,available,58,3%,8,"Arts,Entertainment",,,
accretive.lat,available,58,6%,9,"Banking,Finance,Insurance",,,
centesimal.lat,available,58,1%,10,Mathematics,,,
adient.lat,available,58,4%,6,"Medicine,Science",,,
abuzz.lat,available,58,5%,5,"Entertainment,Media,Technology",,,
fourth.lat,available,58,13%,6,Mathematics,,,
ache.lat,available,58,7%,4,Healthcare,,,
quintet.lat,available,58,8%,7,"Arts,Entertainment",,,
abused.lat,available,58,5%,6,"Healthcare,Law",,,
eighter.lat,available,58,2%,7,Mathematics,,,
niner.lat,available,58,5%,5,Mathematics,,,
alacarte.lat,available,58,11%,10,Food and Beverage,,,
abridged.lat,available,58,4%,8,Media,,,
xliii.lat,available,56,1%,5,Mathematics,,,
xxxi.lat,expired,56,9%,4,Mathematics,28/06/2024 12:58,28/06/2025 23:59,"NameSilo, LLC"
xlvi.lat,available,56,3%,4,Mathematics,,,
xlv.lat,available,56,6%,3,Mathematics,,,
fiftynine.lat,available,56,4%,10,Mathematics,,,
admittable.lat,available,56,1%,10,"Education,Healthcare,Hospitality",,,
fiftyfive.lat,available,56,7%,10,Mathematics,,,
terzetto.lat,available,56,3%,8,Arts,,,
fortynine.lat,available,56,3%,10,Mathematics,,,
fiftytwo.lat,available,56,6%,9,Mathematics,,,
xli.lat,available,56,5%,3,Mathematics,,,
addled.lat,available,56,2%,6,Entertainment,,,
xxxvi.lat,available,56,1%,5,Mathematics,,,
xlvii.lat,available,56,2%,5,Mathematics,,,
xxxii.lat,available,56,1%,5,Mathematics,,,
xxxvii.lat,available,56,2%,6,Mathematics,,,
ilx.lat,available,56,5%,3,Mathematics,,,
admissive.lat,available,56,1%,9,"Education,Healthcare,Hospitality",,,
lvi.lat,available,56,8%,3,Mathematics,,,
xxviii.lat,available,56,1%,6,Mathematics,,,
fiftyfour.lat,available,56,3%,10,Mathematics,,,
fiftysix.lat,available,56,4%,9,Mathematics,,,
xlviii.lat,available,56,1%,6,Mathematics,,,
fortytwo.lat,available,56,17%,9,Mathematics,,,
fiftyone.lat,available,56,7%,9,Mathematics,,,
xxxiv.lat,available,56,1%,5,Mathematics,,,
fortyone.lat,available,56,4%,9,Mathematics,,,
accoutered.lat,available,56,0%,10,"Fashion,Manufacturing,Retail",,,
appressed.lat,available,56,0%,9,"Agriculture,Manufacturing,Retail",,,
potbellied.lat,available,56,0%,10,"Health and Fitness,Medicine",,,
xxvii.lat,available,56,3%,5,Mathematics,,,
abeyant.lat,available,56,1%,7,"Business,Law",,,
thirtyone.lat,available,56,5%,10,Mathematics,,,
thirtytwo.lat,available,56,5%,10,Mathematics,,,
xxxv.lat,available,56,4%,4,Mathematics,,,
xxxiii.lat,available,56,2%,6,Mathematics,,,
abdominous.lat,available,56,0%,10,"Health and Fitness,Medicine",,,
liii.lat,available,56,4%,4,Mathematics,,,
xxiv.lat,available,56,5%,4,Mathematics,,,
xxix.lat,available,56,4%,4,Mathematics,,,
xlii.lat,available,56,5%,4,Mathematics,,,
thirtysix.lat,available,56,5%,10,Mathematics,,,
lvii.lat,available,56,1%,4,Mathematics,,,
xxxviii.lat,available,56,1%,7,Mathematics,,,
fortysix.lat,available,56,3%,9,Mathematics,,,
xliv.lat,available,56,2%,4,Mathematics,,,
aone.lat,available,56,15%,5,Food and Beverage,,,
admittible.lat,available,56,1%,10,"Education,Healthcare,Hospitality",,,
maledict.lat,available,56,1%,8,Religion,,,
halfdozen.lat,available,56,1%,10,Mathematics,,,
xxiii.lat,available,56,5%,5,Mathematics,,,
lviii.lat,available,56,1%,5,Mathematics,,,
triad.lat,available,56,15%,5,Arts,,,
abasic.lat,available,54,1%,6,Science,,,
actuated.lat,available,54,2%,8,"Automotive,Manufacturing,Technology",,,
accursed.lat,available,54,3%,8,"Entertainment,Media,Religion",,,
aboral.lat,available,54,2%,6,Science,,,
abatable.lat,available,54,1%,8,Law,,,
accentual.lat,available,54,3%,9,"Arts,Entertainment",,,
adpressed.lat,available,54,0%,9,"Agriculture,Manufacturing,Retail",,,
deserted.lat,available,54,3%,8,"Hospitality,Real Estate",,,
deuceace.lat,available,54,2%,9,Sports,,,
admonitory.lat,available,54,0%,10,"Business,Education,Healthcare",,,
abducens.lat,available,54,1%,8,Medicine,,,
adducting.lat,available,54,1%,9,"Engineering,Mathematics,Science",,,
adaxial.lat,available,54,2%,7,Science,,,
quaternion.lat,available,54,6%,10,Mathematics,,,
adducent.lat,available,54,1%,8,"Engineering,Mathematics,Science",,,
acoustical.lat,available,54,4%,10,Science,,,
quadruplet.lat,available,54,1%,10,"Healthcare,Medicine,Science",,,
sise.lat,available,54,5%,4,Mathematics,,,
adductive.lat,available,54,0%,9,"Engineering,Mathematics,Science",,,
abhorrent.lat,available,54,1%,9,Humanities,,,
quatern.lat,available,54,2%,7,Mathematics,,,
achy.lat,available,54,3%,4,Healthcare,,,
abatic.lat,available,54,1%,6,Science,,,
achromatic.lat,available,54,4%,10,Science,,,
viii.lat,available,54,6%,4,Mathematics,,,
vii.lat,available,54,13%,3,Mathematics,,,
fortyfive.lat,available,54,4%,10,Mathematics,,,
scratchy.lat,available,54,3%,8,Fashion,,,
threescore.lat,available,54,1%,10,Mathematics,,,
abaxial.lat,available,54,1%,7,Science,,,
quintuplet.lat,available,54,1%,10,"Healthcare,Medicine,Science",,,
quaternity.lat,available,54,4%,10,Mathematics,,,
ternion.lat,available,54,3%,7,Mathematics,,,
monitory.lat,available,54,3%,8,"Business,Education,Healthcare",,,
twoscore.lat,available,54,2%,8,Mathematics,,,
adjuratory.lat,available,54,0%,10,"Law,Politics,Religion",,,
abient.lat,available,54,1%,6,Science,,,
unnatural.lat,available,54,4%,9,"Medicine,Science",,,
xxx.lat,resell,53,30%,3,"Arts,Entertainment,Media",31/07/2015 13:19,31/07/2026 23:59,Edomains LLC
sestet.lat,available,53,1%,6,Arts,,,
septet.lat,available,53,1%,6,General,,,
ablated.lat,available,52,1%,7,Science,,,
lxii.lat,available,52,1%,4,Mathematics,,,
sixtysix.lat,available,52,4%,9,Mathematics,,,
ninetyone.lat,available,52,5%,10,Mathematics,,,
eightyone.lat,available,52,3%,10,Mathematics,,,
abusive.lat,available,52,3%,7,"Healthcare,Law",,,
sixtytwo.lat,available,52,3%,9,Mathematics,,,
decumbent.lat,available,52,1%,9,"Healthcare,Medicine,Science",,,
lxviii.lat,available,52,1%,6,Mathematics,,,
detestable.lat,available,52,1%,10,Humanities,,,
tierce.lat,available,52,3%,6,General,,,
abominable.lat,available,52,2%,10,"Entertainment,Humanities",,,
lxxxii.lat,available,52,1%,6,Mathematics,,,
eightytwo.lat,available,52,4%,10,Mathematics,,,
lxxxiv.lat,available,52,1%,6,Mathematics,,,
aboulic.lat,available,52,1%,7,Medicine,,,
abstruse.lat,available,52,5%,8,"Humanities,Mathematics,Science",,,
xcvii.lat,available,52,1%,5,Mathematics,,,
ninetysix.lat,available,52,4%,10,Mathematics,,,
lxxv.lat,available,52,1%,4,Mathematics,,,
chagrined.lat,available,52,1%,9,Humanities,,,
odious.lat,available,52,2%,6,"Entertainment,Humanities",,,
lxxxv.lat,available,52,1%,5,Mathematics,,,
lxxxvi.lat,available,52,1%,6,Mathematics,,,
uphill.lat,available,52,7%,6,"Sports,Transportation,Travel",,,
lxxxiii.lat,available,52,1%,7,Mathematics,,,
xcviii.lat,available,52,1%,6,Mathematics,,,
lxxvi.lat,available,52,1%,5,Mathematics,,,
xcvi.lat,available,52,2%,4,Mathematics,,,
xcv.lat,available,52,7%,3,Mathematics,,,
ixc.lat,available,52,5%,3,Mathematics,,,
lxxiii.lat,available,52,1%,6,Mathematics,,,
sixtyfive.lat,available,52,3%,10,Mathematics,,,
xcii.lat,available,52,2%,4,Mathematics,,,
lxxi.lat,available,52,1%,4,Mathematics,,,
lxxvii.lat,available,52,2%,6,Mathematics,,,
xci.lat,available,52,4%,3,Mathematics,,,
lxxiv.lat,available,52,1%,5,Mathematics,,,
repugnant.lat,available,52,1%,9,Humanities,,,
lxiii.lat,available,52,2%,5,Mathematics,,,
adenoidal.lat,available,52,1%,9,"Health and Fitness,Medicine,Science",,,
lxvii.lat,available,52,1%,5,Mathematics,,,
repulsive.lat,available,52,1%,9,Humanities,,,
lxxxvii.lat,available,52,1%,7,Mathematics,,,
xciii.lat,available,52,1%,5,Mathematics,,,
ninetytwo.lat,available,52,4%,10,Mathematics,,,
lxiv.lat,available,52,3%,4,Mathematics,,,
abysmal.lat,available,52,4%,7,"Arts,Entertainment,Media",,,
sixtyfour.lat,available,52,3%,10,Mathematics,,,
lxvi.lat,available,52,3%,4,Mathematics,,,
xciv.lat,available,52,2%,4,Mathematics,,,
lxxii.lat,available,52,1%,5,Mathematics,,,
littlejoe.lat,available,52,2%,10,"Entertainment,Media",,,
lxv.lat,available,52,5%,3,Mathematics,,,
lxxxi.lat,available,52,1%,5,Mathematics,,,
gillless.lat,available,50,0%,9,Science,,,
trine.lat,available,50,11%,5,"General,Religion",,,
acquitted.lat,available,50,1%,9,Law,,,
lxx.lat,available,50,5%,3,Mathematics,,,
aborticide.lat,available,50,0%,10,Medicine,,,
triplet.lat,available,50,8%,7,Science,,,
acaudal.lat,available,50,1%,7,"Agriculture,Science",,,
acetose.lat,available,50,1%,7,Science,,,
broached.lat,available,50,0%,8,Food and Beverage,,,
abomasal.lat,available,50,0%,8,Agriculture,,,
acerb.lat,available,50,2%,5,Science,,,
adactylous.lat,available,50,0%,10,Science,,,
vinegary.lat,available,50,1%,8,Food and Beverage,,,
abactinal.lat,available,50,0%,9,Science,,,
acerbic.lat,available,50,2%,7,"Arts,Humanities,Media",,,
needlelike.lat,available,50,0%,10,"Engineering,Medicine,Science",,,
abducting.lat,available,50,0%,9,Medicine,,,
spinous.lat,available,50,1%,7,"Agriculture,Science",,,
abbatial.lat,available,50,0%,8,Religion,,,
acerose.lat,available,50,1%,7,Science,,,
adhominem.lat,available,50,2%,10,"Humanities,Law,Politics",,,
aculeated.lat,available,50,0%,9,"Engineering,Medicine,Science",,,
acapnic.lat,available,50,0%,7,"Healthcare,Medicine,Science",,,
acetous.lat,available,50,1%,7,Science,,,
ogdoad.lat,available,50,1%,6,Mathematics,,,
quint.lat,available,50,13%,5,"Arts,Entertainment",,,
abdicable.lat,available,50,0%,9,Law,,,
acellular.lat,available,50,1%,9,Science,,,
acapnotic.lat,available,50,0%,9,"Healthcare,Medicine,Science",,,
cinque.lat,available,50,7%,6,Mathematics,,,
scummy.lat,available,50,1%,6,Humanities,,,
abranchial.lat,available,50,0%,10,Science,,,
ilxxx.lat,available,48,1%,5,Mathematics,,,
notguilty.lat,available,48,5%,10,Law,,,
execrable.lat,available,48,0%,9,"Entertainment,Humanities",,,
apriori.lat,available,48,13%,8,Mathematics,,,
lxxxviii.lat,available,48,1%,8,Mathematics,,,
ilxx.lat,available,48,1%,4,Mathematics,,,
abstracted.lat,available,48,5%,10,"Arts,Humanities,Science",,,
acetylic.lat,available,46,1%,8,Science,,,
stripling.lat,available,46,2%,9,"Education,Entertainment,Healthcare",,,
acanthotic.lat,available,46,0%,10,"Agriculture,Science",,,
achenial.lat,available,46,1%,8,Science,,,
acanthoid.lat,available,46,1%,9,"Agriculture,Science",,,
vinegarish.lat,available,46,1%,10,Food and Beverage,,,
acephalous.lat,available,46,1%,10,Science,,,
acetonic.lat,available,46,1%,8,Science,,,
acheronian.lat,available,46,1%,10,Humanities,,,
acarpous.lat,available,46,0%,8,"Agriculture,Science",,,
acapnial.lat,available,46,0%,8,"Healthcare,Medicine,Science",,,
acicular.lat,available,46,2%,8,Science,,,
theabsurd.lat,available,46,1%,10,"Arts,Entertainment,Media",,,
acanthous.lat,available,46,0%,9,"Agriculture,Science",,,
stemless.lat,available,46,2%,8,"Agriculture,Science",,,
achromic.lat,available,46,2%,8,Science,,,
achromous.lat,available,46,1%,9,Science,,,
acaudate.lat,available,46,1%,8,"Agriculture,Science",,,
acarpelous.lat,available,46,0%,10,"Agriculture,Science",,,
acetabular.lat,available,46,1%,10,Science,,,
cotyloid.lat,available,46,1%,8,Science,,,
acetylenic.lat,available,46,1%,10,Science,,,
quaternary.lat,available,46,3%,10,Mathematics,,,
cotyloidal.lat,available,44,1%,10,Science,,,
acherontic.lat,available,44,1%,10,Humanities,,,
accusatory.lat,available,44,1%,10,Law,,,
abscessed.lat,available,41,0%,9,Healthcare,,,
phoebe.lat,available,41,14%,6,Science,,,
accurst.lat,available,40,1%,7,Religion,,,
accusive.lat,available,40,1%,8,Law,,,
scurrilous.lat,available,40,1%,10,"Entertainment,Media,Politics",,,